meta_term	meta_example	literal_term	literal_example	meta_is_more_emotiona	specificity	common_hyper									
abuse	Her husband often <b>abuses</b> alcohol.	drinks	Her husband often <b>drinks</b> alcohol.	1											
ascend	Inheritance may not <b>ascend</b> linearly.	pass on	Inheritance may not <b>pass on</b> linearly.	1											
blaze	He <b>blazed</b> away at the men.	shot	He <b>shot</b> away at the men.	1	1.0	"(Synset('blast.v.07'), 1, 0, Synset('blaze_away.v.02'), Synset('blast.v.07'))"									
blaze	The spaceship <b>blazed</b> out into space.	departed	The spaceship <b>departed</b> out into space.	1	1.0	"(Synset('depart.v.03'), 1, 0, Synset('blaze.v.04'), Synset('depart.v.03'))"	"(Synset('leave.v.01'), 2, 1, Synset('blaze.v.04'), Synset('depart.v.04'))"								
blister	The Senator <b>blistered</b> the administration in his speech on Friday.	criticized	The Senator <b>criticized</b> the administration in his speech on Friday.	1	1.0	"(Synset('knock.v.06'), 2, 0, Synset('blister.v.02'), Synset('knock.v.06'))"									
boost	The tax cut will <b>boost</b> the economy.	improve	The tax cut will <b>improve</b> the economy.	1	1.0	"(Synset('change.v.01'), 2, 1, Synset('boost.v.02'), Synset('better.v.02'))"									
circulate	She <b>circulates</b> among royalty.	appears	She <b>appears</b> among royalty.	1											
cloud	Their faces were <b>clouded</b> with sadness.	marked	Their faces were <b>marked</b> with sadness.	1											
cloud	The stroke <b>clouded</b> memories of her youth.	impaired	The stroke <b>impaired</b> memories of her youth.	1	0.0	"(Synset('change.v.01'), 1, 2, Synset('cloud.v.06'), Synset('impair.v.01'))"	"(Synset('change.v.01'), 1, 2, Synset('cloud.v.06'), Synset('mar.v.01'))"								
design	She <b>designed</b> to go far in the world of business.	intended	She <b>intended</b> to go far in the world of business.	1	1.0	"(Synset('intend.v.01'), 1, 0, Synset('design.v.07'), Synset('intend.v.01'))"									
drain	Life in the camp <b>drained</b> him.	weakened	Life in the camp <b>weakened</b> him.	1	1.0	"(Synset('weaken.v.01'), 1, 0, Synset('enfeeble.v.01'), Synset('weaken.v.01'))"	"(Synset('change.v.01'), 2, 2, Synset('enfeeble.v.01'), Synset('de-escalate.v.02'))"	"(Synset('change.v.01'), 2, 2, Synset('enfeeble.v.01'), Synset('dampen.v.07'))"							
drain	The exercise class <b>drains</b> me of energy.	depletes	The exercise class <b>depletes</b> me of energy.	1	1.0	"(Synset('consume.v.05'), 1, 0, Synset('drain.v.02'), Synset('consume.v.05'))"									
exhaust	One should not <b>exhaust</b> one's savings.	use up	One should not <b>use up</b> one's savings.	1											
exhaust	We have <b>exhausted</b> the food supplies.	used up	We have <b>used up</b> the food supplies.	1											
express	Many of the laboratory animals <b>express</b> the trait.	have	Many of the laboratory animals <b>have</b> the trait.	1	2.0	"(Synset('make.v.03'), 2, 2, Synset('express.v.05'), Synset('give_birth.v.01'))"									
fasten	They <b>fastened</b> various nicknames to each other.	gave	They <b>gave</b> various nicknames to each other.	1											
fracture	These events could <b>fracture</b> the balance of power.	destroy	These events could <b>destroy</b> the balance of power.	1	1.0	"(Synset('destroy.v.01'), 1, 0, Synset('fracture.v.02'), Synset('destroy.v.01'))"									
fracture	This writer really <b>fractures</b> the language.	misuses	This writer really <b>misuses</b> the language.	1	1.0	"(Synset('pervert.v.03'), 1, 0, Synset('fracture.v.01'), Synset('pervert.v.03'))"									
gather	I <b>gather</b> you have not done your homework.	infer	I <b>infer</b> you have not done your homework.	1	2.0	"(Synset('reason.v.01'), 1, 1, Synset('gather.v.04'), Synset('deduce.v.01'))"	"(Synset('reason.v.01'), 1, 1, Synset('gather.v.04'), Synset('generalize.v.01'))"	"(Synset('reason.v.01'), 1, 1, Synset('gather.v.04'), Synset('deduce.v.02'))"	"(Synset('think.v.03'), 2, 4, Synset('gather.v.04'), Synset('understand.v.04'))"						
guard	This vaccine will <b>guard</b> you against infection.	protect	This vaccine will <b>protect</b> you against infection.	1	1.0	"(Synset('protect.v.01'), 1, 0, Synset('guard.v.02'), Synset('protect.v.01'))"	"(Synset('protect.v.01'), 1, 0, Synset('defend.v.03'), Synset('protect.v.01'))"								
gutter	Tears <b>guttered</b> down her face.	ran	Tears <b>ran</b> down her face.	1	1.0	"(Synset('run.v.06'), 1, 0, Synset('gutter.v.02'), Synset('run.v.06'))"									
lie	The fate of Bosnia <b>lies</b> in the hands of the West.	is	The fate of Bosnia <b>is</b> in the hands of the West.	1	1.0	"(Synset('be.v.03'), 1, 0, Synset('lie.v.06'), Synset('be.v.03'))"									
lock	He <b>locked</b> his hands around her neck.	encircled	He <b>encircled</b> his hands around her neck.	1											
lock	They were <b>locked</b> in embrace.	together	They were <b>together</b> in embrace.	1											
lock	He was <b>locked</b> in a laughing fit.	overwhelmed	He was <b>overwhelmed</b> in a laughing fit.	0	1.0	"(Synset('overwhelm.v.01'), 1, 0, Synset('lock.v.06'), Synset('overwhelm.v.01'))"									
peep	The new moon <b>peeped</b> through the tree tops.	appeared	The new moon <b>appeared</b> through the tree tops.	1	1.0	"(Synset('appear.v.02'), 1, 0, Synset('peep.v.05'), Synset('appear.v.02'))"									
penetrate	The hikers did not manage to <b>penetrate</b> the dense forest.	advance into	The hikers did not manage to <b>advance into</b> the dense forest.	1											
pierce	The cold <b>pierced</b> her bones.	affected	The cold <b>affected</b> her bones.	1	1.0	"(Synset('affect.v.05'), 1, 0, Synset('pierce.v.02'), Synset('affect.v.05'))"									
pierce	The scream <b>pierced</b> the night.	sounded in	The scream <b>sounded in</b> the night.	1											
pour	We <b>poured</b> money into the education of our children.	invested	We <b>invested</b> money into the education of our children.	1	0.0	"(Synset('give.v.03'), 2, 3, Synset('pour.v.05'), Synset('invest.v.01'))"	"(Synset('supply.v.01'), 1, 2, Synset('pour.v.05'), Synset('invest.v.03'))"								
pour	People were <b>pouring</b> out of the theater.	crowding	People were <b>crowding</b> out of the theater.	1	1.0	"(Synset('crowd.v.03'), 1, 0, Synset('pour.v.02'), Synset('crowd.v.03'))"									
recapture	She could not <b>recapture</b> that feeling of happiness.	recall	She could not <b>recall</b> that feeling of happiness.	1											
recast	She had to <b>recast</b> her image to please the electorate in her home state.	change	She had to <b>change</b> her image to please the electorate in her home state.	1											
rip	The tornado <b>ripped</b> along the coast.	moved	The tornado <b>moved</b> along the coast.	1	1.0	"(Synset('travel.v.01'), 3, 0, Synset('rip.v.02'), Synset('travel.v.01'))"									
rip	The candidate <b>ripped</b> into his opponent mercilessly.	criticized	The candidate <b>criticized</b> into his opponent mercilessly.	1	1.0	"(Synset('knock.v.06'), 2, 0, Synset('rip.v.04'), Synset('knock.v.06'))"									
ruffle	She wanted to <b>ruffle</b> his composure.	disturb	She wanted to <b>disturb</b> his composure.	1											
ruffle	This play is going to <b>ruffle</b> some people.	disturb	This play is going to distrurb some people.	1											
sell	The French try to <b>sell</b> us their image as great lovers.	convince us of	The French try to <b>convince us of</b> their image as great lovers.	0											
shake	I couldn't <b>shake</b> the car that was following me.	escape	I couldn't <b>escape</b> the car that was following me.	1	1.0	"(Synset('escape.v.01'), 1, 0, Synset('shake.v.07'), Synset('escape.v.01'))"	"(Synset('escape.v.01'), 1, 1, Synset('shake.v.07'), Synset('escape.v.05'))"	"(Synset('scat.v.01'), 3, 0, Synset('shake.v.07'), Synset('scat.v.01'))"							
shake	The bad news <b>shook</b> her hopes.	weakened	The bad news <b>weakened</b> her hopes.	1	1.0	"(Synset('weaken.v.01'), 1, 0, Synset('shake.v.05'), Synset('weaken.v.01'))"	"(Synset('change.v.01'), 2, 2, Synset('shake.v.05'), Synset('de-escalate.v.02'))"	"(Synset('change.v.01'), 2, 2, Synset('shake.v.05'), Synset('dampen.v.07'))"							
shed	He <b>shed</b> his image as a pushy boss.	dispelled	He <b>dispelled</b> his image as a pushy boss.	0											
shipwreck	You have <b>shipwrecked</b> my career.	ruined	You have <b>ruined</b> my career.	1	1.0	"(Synset('ruin.v.02'), 1, 0, Synset('shipwreck.v.01'), Synset('ruin.v.02'))"									
sign	He <b>signed</b> his disapproval with a dismissive hand gesture.	communicated	He <b>communicated</b> his disapproval with a dismissive hand gesture.	1	1.0	"(Synset('communicate.v.02'), 1, 0, Synset('sign.v.05'), Synset('communicate.v.02'))"	"(Synset('interact.v.01'), 2, 1, Synset('sign.v.05'), Synset('communicate.v.05'))"								
splash	The mountain was <b>splashed</b> with snow.	spotted	The mountain was <b>spotted</b> with snow.	1											
stagger	She was <b>staggered</b> with bills after she tried to rebuild her house following the earthquake.	overwhelmed	She was <b>overwhelmed</b> with bills after she tried to rebuild her house following the earthquake.	0	1.0	"(Synset('overwhelm.v.01'), 1, 0, Synset('stagger.v.04'), Synset('overwhelm.v.01'))"									
stoop	I won't <b>stoop</b> to reading other people's mail.	condescend	I won't <b>condescend</b> to reading other people's mail.	0	2.0	"(Synset('act.v.01'), 1, 1, Synset('condescend.v.03'), Synset('condescend.v.01'))"	"(Synset('act.v.01'), 1, 1, Synset('condescend.v.03'), Synset('condescend.v.02'))"	"(Synset('condescend.v.03'), 0, 0, Synset('condescend.v.03'), Synset('condescend.v.03'))"	"(Synset('act.v.01'), 1, 2, Synset('condescend.v.03'), Synset('patronize.v.03'))"						
talk	Actions <b>talk</b> louder than words.	communicate	Actions <b>communicate</b> louder than words.	0	1.0	"(Synset('communicate.v.02'), 1, 0, Synset('talk.v.01'), Synset('communicate.v.02'))"	"(Synset('interact.v.01'), 2, 1, Synset('talk.v.01'), Synset('communicate.v.05'))"								
tax	You are <b>taxing</b> my patience.	straining	You are <b>straining</b> my patience.	0	1.0	"(Synset('strain.v.03'), 1, 0, Synset('tax.v.03'), Synset('strain.v.03'))"									
uproot	The war <b>uprooted</b> many people.	displaced	The war <b>displaced</b> many people.	1	1.0	"(Synset('displace.v.01'), 1, 0, Synset('uproot.v.01'), Synset('displace.v.01'))"	"(Synset('move.v.02'), 2, 0, Synset('uproot.v.01'), Synset('move.v.02'))"								
uproot	The vestiges of political democracy were soon uprooted.	destroyed	The vestiges of political democracy were soon destroyed.	0	1.0	"(Synset('destroy.v.01'), 1, 0, Synset('uproot.v.02'), Synset('destroy.v.01'))"									
visit	The principal <b>visited</b> his rage on the students.	inflicted	The principal <b>inflicted</b> his rage on the students.	0	2.0	"(Synset('inflict.v.01'), 0, 0, Synset('inflict.v.01'), Synset('inflict.v.01'))"									
visit	He was <b>visited</b> with a terrible illness that killed him quickly.	afflicted	He was <b>afflicted</b> with a terrible illness that killed him quickly.	0	1.0	"(Synset('afflict.v.02'), 1, 0, Synset('visit.v.08'), Synset('afflict.v.02'))"									
waste	He <b>wasted</b> his inheritance on his insincere friends.	squandered	He <b>squandered</b> his inheritance on his insincere friends.	0	2.0	"(Synset('waste.v.01'), 0, 0, Synset('waste.v.01'), Synset('waste.v.01'))"									
wrestle	He <b>wrestled</b> all his life with his feeling of inferiority.	dealt	He <b>dealt</b> all his life with his feeling of inferiority.	1											
wrestle	I <b>wrestled</b> with this decision for years.	pondered	I <b>pondered</b> this decision for years.	1											
amount	This idea will never <b>amount to</b> anything.	result	This idea will never <b>result in</b> anything.	0											
answer	The steering of my new car <b>answers</b> to the slightest touch.	react	The steering of my new car <b>reacts</b> to the slightest touch.	1	1.0	"(Synset('react.v.01'), 1, 0, Synset('answer.v.10'), Synset('react.v.01'))"	"(Synset('act.v.01'), 2, 1, Synset('answer.v.10'), Synset('react.v.02'))"								
attack	I <b>attacked</b> the problem as soon as I got out of bed.	start	I <b>started on</b> the problem as soon as I got out of bed.	1	1.0	"(Synset('get_down.v.07'), 1, 0, Synset('attack.v.05'), Synset('get_down.v.07'))"									
blast	She tended to <b>blast</b> when speaking into a microphone.	shout	She tended to <b>shout</b> when speaking into a microphone.	1											
blur	The distinction between the two theories <b>blurred</b>.	decrease	The distinction between the two theories <b>decreased</b>.	1	1.0	"(Synset('decrease.v.01'), 2, 0, Synset('blur.v.06'), Synset('decrease.v.01'))"									
breathe	Our new synthetic fabric <b>breathes</b> and is perfect for summer wear.	pass air	Our new synthetic fabric <b>passes air</b> and is perfect for summer wear.	1											
breathe	He <b>breathed</b> new life into the old house.	instil	He <b>instilled</b> new life into the old house.	1											
buzz	He <b>buzzed</b> the servant.	summon	He <b>summoned</b> the servant.	0	1.0	"(Synset('call.v.05'), 2, 1, Synset('buzz.v.04'), Synset('summon.v.01'))"	"(Synset('summon.v.02'), 1, 0, Synset('buzz.v.04'), Synset('summon.v.02'))"								
buzz	This office is <b>buzzing</b> with activity.	bustle	This office is <b>bustling</b> with activity.	0											
clap	The judge <b>clapped</b> him in jail.	put	The judge <b>put</b> him in jail.	1	1.0	"(Synset('put.v.01'), 1, 0, Synset('clap.v.01'), Synset('put.v.01'))"									
climb	This young man knows how to <b>climb</b> the social ladder.	progress	This young man knows how to <b>progress on</b> the social ladder.	1	1.0	"(Synset('progress.v.01'), 1, 0, Synset('climb.v.05'), Synset('progress.v.01'))"	"(Synset('develop.v.10'), 2, 1, Synset('climb.v.05'), Synset('build_up.v.02'))"								
climb	Sales were <b>climbing</b> after prices were lowered.	increase	Sales were <b>increasing</b> after prices were lowered.	1	1.0	"(Synset('increase.v.01'), 1, 0, Synset('wax.v.02'), Synset('increase.v.01'))"									
color	My personal feelings <b>color</b> my judgment in this case.	affect	My personal feelings <b>affect</b> my judgment in this case.	1	1.0	"(Synset('affect.v.01'), 1, 0, Synset('tinge.v.01'), Synset('affect.v.01'))"	"(Synset('change.v.01'), 2, 1, Synset('tinge.v.01'), Synset('affect.v.02'))"								
communicate	The rooms <b>communicated</b>.	connect	The rooms <b>were connected</b>.	1	1.0	"(Synset('connect.v.03'), 3, 0, Synset('communicate.v.04'), Synset('connect.v.03'))"									
convulse	The comedian <b>convulsed</b> the crowd.	amuse	The comedian <b>amused</b> the crowd.	1	1.0	"(Synset('amuse.v.02'), 1, 0, Synset('convulse.v.01'), Synset('amuse.v.02'))"									
crown	The speech <b>crowned</b> the meeting.	culminate	The speech <b>culminated</b> the meeting.	1	1.0	"(Synset('culminate.v.01'), 1, 0, Synset('crown.v.02'), Synset('culminate.v.01'))"									
crown	A weather vane <b>crowns</b> the building.	top	A weather vane <b>tops</b> the building.	1	1.0	"(Synset('lie.v.01'), 2, 1, Synset('crown.v.03'), Synset('top.v.03'))"									
crush	She was <b>crushed</b> by his refusal of her invitation.	sadden	She was <b>saddened</b> by his refusal of her invitation.	1											
dawn	It <b>dawned on</b> him that she had betrayed him.	occur	It <b>occurred to</b> him that she had betrayed him.	1											
dawn	The age of computers had <b>dawned</b>.	begin	The age of computers had <b>begun</b>.	1	1.0	"(Synset('begin.v.02'), 1, 0, Synset('dawn.v.02'), Synset('begin.v.02'))"									
deflate	The new measures <b>deflated</b> the economy.	reduce	The new measures <b>reduced</b> the economy.	1	1.0	"(Synset('change.v.01'), 1, 2, Synset('deflate.v.04'), Synset('reduce.v.01'))"	"(Synset('change.v.01'), 1, 2, Synset('deflate.v.04'), Synset('reduce.v.02'))"	"(Synset('change.v.01'), 1, 2, Synset('deflate.v.04'), Synset('reduce.v.04'))"	"(Synset('change.v.01'), 1, 2, Synset('deflate.v.04'), Synset('shrink.v.03'))"	"(Synset('change.v.01'), 1, 3, Synset('deflate.v.04'), Synset('reduce.v.09'))"	"(Synset('change.v.01'), 1, 2, Synset('deflate.v.04'), Synset('reduce.v.15'))"	"(Synset('change.v.01'), 1, 2, Synset('deflate.v.04'), Synset('abridge.v.01'))"	"(Synset('change.v.01'), 1, 2, Synset('deflate.v.04'), Synset('reduce.v.18'))"	"(Synset('change.v.01'), 1, 2, Synset('deflate.v.04'), Synset('dilute.v.01'))"	
devour	Fire had <b>devoured</b> our home.	destroy	Fire had <b>destroyed</b> our home.	1	1.0	"(Synset('destroy.v.02'), 1, 0, Synset('devour.v.01'), Synset('destroy.v.02'))"									
devour	She <b>devoured</b> his novels.	enjoy	She <b>enjoyed</b> his novels.	1	1.0	"(Synset('enjoy.v.01'), 1, 0, Synset('devour.v.02'), Synset('enjoy.v.01'))"									
digest	The government <b>digested</b> the entire law into a code.	systematize	The government <b>systematized</b> the entire law into a code.	1	1.0	"(Synset('systematize.v.01'), 1, 0, Synset('digest.v.05'), Synset('systematize.v.01'))"									
drift	Stock prices are <b>drifting</b> higher.	become	Stock prices are <b>becoming</b> higher.	1											
drink	The mother <b>drinks in</b> every word of her son on the stage.	listen carefully	The mother <b>listens carefully to</b> every word of her son on the stage.	1											
drown	I was <b>drowned in</b> work.	overwhelm	I was <b>overwhelmed by</b> work.	1	2.0	"(Synset('submerge.v.02'), 0, 0, Synset('submerge.v.02'), Synset('submerge.v.02'))"									
drown	She <b>drowned</b> her trouble in alcohol.	forget	She <b>forgot</b> her trouble in alcohol.	1											
dull	Middle age <b>dulled</b> her appetite for travel.	decrease	Middle age <b>decreased</b> her appetite for travel.	1	1.0	"(Synset('decrease.v.01'), 2, 0, Synset('dull.v.07'), Synset('decrease.v.01'))"									
dump	The company <b>dumped</b> him after many years of service.	dismiss	The company <b>dismissed</b> him after many years of service.	1											
emerge	Some nice results <b>emerged</b> from the study.	appear	Some nice results <b>appeared</b> from the study.	1	1.0	"(Synset('appear.v.02'), 1, 0, Synset('emerge.v.03'), Synset('appear.v.02'))"									
engrave	The event <b>engraved itself into</b> her memory.	stay	The event <b>stayed in</b> her memory.	1											
explode	The boss <b>exploded</b> when he heard of the resignation of the secretary.	rage	The boss <b>raged</b> when he heard of the resignation of the secretary.	1											
ferment	The Middle East is <b>fermenting</b>.	discontent	The Middle East is <b>discontented</b>.	1											
flash	The latest intelligence is <b>flashed</b> to all command posts.	convey	The latest intelligence is <b>conveyed</b> to all command posts.	1	1.0	"(Synset('convey.v.01'), 1, 0, Synset('flash.v.04'), Synset('convey.v.01'))"	"(Synset('communicate.v.02'), 5, 1, Synset('flash.v.04'), Synset('carry.v.04'))"								
float	The government <b>floated</b> the ruble for a few months.	allow fluctuation	The government <b>allowed fluctuation in</b> the ruble for a few months.	1											
float	The dancer <b>floated</b> across the stage.	move	The dancer <b>moved</b> across the stage.	1	1.0	"(Synset('travel.v.01'), 1, 0, Synset('float.v.05'), Synset('travel.v.01'))"									
float	The Republicans are <b>floating</b> the idea of a tax reform.	discuss	The Republicans are <b>discussing</b> the idea of a tax reform.	1											
flow	The crowd <b>flowed</b> out of the stadium.	move	The crowd <b>moved</b> out of the stadium.	1	1.0	"(Synset('move.v.03'), 1, 0, Synset('flow.v.01'), Synset('move.v.03'))"									
gag	The press was <b>gagged</b>.	silence	The press was <b>silenced</b>.	1	1.0	"(Synset('hush.v.02'), 1, 0, Synset('gag.v.01'), Synset('hush.v.02'))"	"(Synset('suppress.v.01'), 2, 1, Synset('gag.v.01'), Synset('silence.v.02'))"								
glare	The sun <b>glared</b> down on us.	shine	The sun <b>shone</b> down on us.	1	1.0	"(Synset('shine.v.02'), 1, 0, Synset('glare.v.03'), Synset('shine.v.02'))"									
glare	The moon <b>glared</b> back at itself from the lake's surface.	reflect	The moon <b>reflected</b> back at itself from the lake's surface.	1	1.0	"(Synset('reflect.v.04'), 1, 0, Synset('glare.v.02'), Synset('reflect.v.04'))"									
grab	This story will <b>grab</b> you.	intrigue	This story will <b>intrigue</b> you.	1	1.0	"(Synset('intrigue.v.01'), 1, 0, Synset('grab.v.06'), Synset('intrigue.v.01'))"									
gravitate	The conversation <b>gravitated</b> towards politics.	tend	The conversation <b>tended</b> towards politics.	1	1.0	"(Synset('tend.v.01'), 1, 0, Synset('gravitate.v.01'), Synset('tend.v.01'))"									
grope	His mind <b>groped</b> to make the connection.	try	His mind <b>tried</b> to make the connection.	1	1.0	"(Synset('try.v.01'), 1, 0, Synset('grope.v.02'), Synset('try.v.01'))"									
hunt	The oscillator <b>hunts</b> about the correct frequency.	vibrate	The oscillator <b>vibrates</b> about the correct frequency.	1	1.0	"(Synset('move.v.03'), 4, 1, Synset('hunt.v.05'), Synset('vibrate.v.01'))"	"(Synset('oscillate.v.02'), 1, 0, Synset('hunt.v.05'), Synset('oscillate.v.02'))"								
ignite	The ostentatious way of living of the rich <b>ignites</b> the hatred of the poor.	arouse	The ostentatious way of living of the rich <b>arouses</b> the hatred of the poor.	1	1.0	"(Synset('arouse.v.01'), 1, 0, Synset('inflame.v.04'), Synset('arouse.v.01'))"	"(Synset('make.v.03'), 2, 1, Synset('inflame.v.04'), Synset('raise.v.07'))"	"(Synset('arouse.v.01'), 1, 2, Synset('inflame.v.04'), Synset('arouse.v.07'))"							
incline	Their language <b>inclines</b> us to believe them.	persuade	Their language <b>persuades</b> us to believe them.	0											
inject	He <b>injected</b> new life into the performance.	add	He <b>added</b> new life into the performance.	1	1.0	"(Synset('add.v.01'), 1, 0, Synset('inject.v.02'), Synset('add.v.01'))"									
juggle	She had to <b>juggle</b> her job and her children.	manage	She had to <b>manage</b> her job and her children.	1	1.0	"(Synset('manage.v.02'), 1, 0, Synset('juggle.v.03'), Synset('manage.v.02'))"	"(Synset('manage.v.02'), 1, 2, Synset('juggle.v.03'), Synset('oversee.v.01'))"								
land	This may <b>land</b> you in jail.	bring	This may <b>bring</b> you in jail.	1	2.0	"(Synset('change.v.01'), 1, 1, Synset('bring.v.05'), Synset('bring.v.02'))"	"(Synset('bring.v.05'), 0, 0, Synset('bring.v.05'), Synset('bring.v.05'))"	"(Synset('change.v.01'), 1, 1, Synset('bring.v.05'), Synset('lend.v.01'))"							
leak	The news <b>leaked out</b> despite his secrecy.	disclose	The news <b>was disclosed</b> despite his secrecy.	1											
level	I have to <b>level</b> with you.	be honest	I have to <b>be honest</b> with you.	1											
line	Sorrow had <b>lined</b> his face.	wrinkle	Sorrow had <b>wrinkled</b> his face.	1											
look	The house <b>looks</b> north.	orient	The house <b>is oriented</b> north.	0	2.0	"(Synset('lie.v.01'), 1, 1, Synset('front.v.01'), Synset('orient.v.01'))"									
map	Sorrow was <b>mapped</b> on the mother's face.	visible	Sorrow was <b>visible</b> on the mother's face.	1											
melt	Her resistance <b>melted</b> under his charm.	weaken	Her resistance <b>weakened</b> under his charm.	1	1.0	"(Synset('weaken.v.02'), 1, 0, Synset('melt.v.06'), Synset('weaken.v.02'))"									
melt	Hundreds of actors were <b>melting</b> into the scene.	merge	Hundreds of actors were <b>merging</b> into the scene.	1	1.0	"(Synset('change.v.02'), 3, 3, Synset('melt.v.04'), Synset('unify.v.01'))"	"(Synset('blend.v.03'), 1, 0, Synset('melt.v.04'), Synset('blend.v.03'))"								
mold	The dress <b>molds</b> her beautiful figure.	cling	The dress <b>clings to</b> her beautiful figure.	0	1.0	"(Synset('cling.v.01'), 1, 0, Synset('mold.v.05'), Synset('cling.v.01'))"									
nod	The flowers were <b>nodding</b> in the breeze.	sway	The flowers were <b>swaying</b> in the breeze.	0	0.0	"(Synset('move.v.03'), 1, 2, Synset('nod.v.04'), Synset('rock.v.01'))"	"(Synset('move.v.03'), 1, 2, Synset('nod.v.04'), Synset('swing.v.02'))"								
paste	He <b>pasted</b> his opponent.	defeat	He <b>defeated</b> his opponent.	1											
plunge	The professor <b>plunged</b> his students into the study of the Italian text.	engage	The professor <b>engaged</b> his students in the study of the Italian text.	1											
puff	The critics <b>puffed up</b> this Broadway production.	overpraise	The critics <b>overpraised</b> this Broadway production.	1											
puff	The sudden fame <b>puffed</b> her ego.	increase	The sudden fame <b>increased</b> her ego.	1											
push	The salesman is aggressively <b>pushing</b> the new computer model.	promote	The salesman is aggressively <b>promoting</b> the new computer model.	1	2.0	"(Synset('advertise.v.02'), 0, 0, Synset('advertise.v.02'), Synset('advertise.v.02'))"									
push	She is <b>pushing</b> fifty.	approach	She is <b>approaching</b> fifty.	1	1.0	"(Synset('approach.v.01'), 1, 0, Synset('push.v.06'), Synset('approach.v.01'))"	"(Synset('come.v.01'), 2, 1, Synset('push.v.06'), Synset('approach.v.04'))"	"(Synset('come.v.01'), 2, 2, Synset('push.v.06'), Synset('approach.v.05'))"							
push	The guy hanging around the school is <b>pushing</b> drugs.	sell	The guy hanging around the school is <b>selling</b> drugs.	1	1.0	"(Synset('deal.v.06'), 1, 0, Synset('push.v.08'), Synset('deal.v.06'))"	"(Synset('interact.v.01'), 3, 5, Synset('push.v.08'), Synset('betray.v.02'))"								
push	The liberal party <b>pushed</b> for reforms.	campaign	The liberal party <b>campaigned</b> for reforms.	1	2.0	"(Synset('crusade.v.01'), 0, 0, Synset('crusade.v.01'), Synset('crusade.v.01'))"									
push	He <b>pushed</b> her to finish her doctorate.	urge	He <b>urged</b> her to finish her doctorate.	1	1.0	"(Synset('urge.v.01'), 1, 0, Synset('push.v.02'), Synset('urge.v.01'))"									
reflect	The mess in his dorm room <b>reflects on</b> the student.	characterize	The mess in his dorm room <b>characterizes</b> the student.	1											
reflect	His lack of interest in the project <b>reflects badly on</b> him.	discredit	His lack of interest in the project <b>discredits</b> him.	0											
relax	The rules <b>relaxed</b> after the new director arrived.	moderate	The rules <b>moderated</b> after the new director arrived.	1											
salt	She <b>salts</b> her lectures with jokes.	complement	She <b>complements</b> her lectures with jokes.	1	0.0	"(Synset('change.v.01'), 2, 4, Synset('salt.v.03'), Synset('complement.v.01'))"									
salt	The rebels had <b>salted</b> the fields with mines and traps.	scatter	The rebels had <b>scattered</b> the fields with mines and traps.	1	1.0	"(Synset('scatter.v.03'), 2, 0, Synset('salt.v.02'), Synset('scatter.v.03'))"									
salute	A terrible stench <b>saluted</b> our nostrils.	fill	A terrible stench <b>filled</b> our nostrils.	1											
shower	He was <b>showered</b> with praise.	lavish	He was <b>lavished</b> with praise.	0	2.0	"(Synset('lavish.v.01'), 0, 0, Synset('lavish.v.01'), Synset('lavish.v.01'))"									
shower	He <b>showered</b> her with presents.	provide	He <b>provided</b> her with presents.	1	1.0	"(Synset('give.v.03'), 2, 1, Synset('shower.v.05'), Synset('supply.v.01'))"	"(Synset('provide.v.02'), 1, 0, Synset('shower.v.05'), Synset('provide.v.02'))"	"(Synset('give.v.03'), 2, 3, Synset('shower.v.05'), Synset('leave.v.06'))"	"(Synset('give.v.03'), 2, 2, Synset('shower.v.05'), Synset('provide.v.06'))"						
sing	The kettle was <b>singing</b>.	sound	The kettle was <b>sounding</b>.	1	1.0	"(Synset('sound.v.02'), 1, 0, Synset('whistle.v.05'), Synset('sound.v.02'))"									
smash	The police <b>smashed</b> the drug ring after they were tipped off.	arrest	The police <b>arrested</b> the drug ring after they were tipped off.	1											
square	He <b>squared</b> his shoulders.	pose	He <b>posed</b> his shoulders.	1	1.0	"(Synset('put.v.01'), 2, 0, Synset('square.v.04'), Synset('put.v.01'))"									
steamroller	The new teacher tends to <b>steamroller</b>.	rush	The new teacher tends to <b>rush</b>.	1	1.0	"(Synset('act.v.01'), 2, 8, Synset('steamroller.v.02'), Synset('rush.v.03'))"	"(Synset('act.v.01'), 2, 1, Synset('steamroller.v.02'), Synset('rush.v.04'))"								
stumble	I <b>stumbled</b> across a long-lost cousin last night in a restaurant.	come	I <b>came</b> across a long-lost cousin last night in a restaurant.	1											
suck	Mud was <b>sucking</b> at her feet.	pull	Mud was <b>pulling</b> at her feet.	1	1.0	"(Synset('remove.v.01'), 2, 1, Synset('suck.v.02'), Synset('draw.v.05'))"	"(Synset('remove.v.01'), 2, 2, Synset('suck.v.02'), Synset('pluck.v.05'))"	"(Synset('remove.v.01'), 2, 1, Synset('suck.v.02'), Synset('extract.v.01'))"	"(Synset('remove.v.01'), 2, 1, Synset('suck.v.02'), Synset('pull.v.17'))"						
suck	The current boom in the economy <b>sucked</b> many workers in from abroad.	attract	The current boom in the economy <b>attracted</b> many workers in from abroad.	1											
swell	The mother <b>was swelling with</b> importance when she spoke of her son.	feel	The mother <b>felt</b> importance when she spoke of her son.	1											
swim	The meat was <b>swimming</b> in a fatty gravy.	cover	The meat was <b>covered</b> in a fatty gravy.	1	2.0	"(Synset('be.v.01'), 1, 1, Synset('swim.v.04'), Synset('cover.v.18'))"									
swim	My brain is <b>swimming</b> after the bottle of champagne.	confuse	My brain is <b>confused</b> after the bottle of champagne.	1	2.0	"(Synset('be.v.01'), 1, 1, Synset('swim.v.03'), Synset('confuse.v.02'))"									
taste	The ex-slave <b>tasted</b> freedom shortly before she died.	experience	The ex-slave <b>experienced</b> freedom shortly before she died.	1	1.0	"(Synset('experience.v.01'), 2, 0, Synset('taste.v.06'), Synset('experience.v.01'))"	"(Synset('know.v.05'), 1, 0, Synset('taste.v.06'), Synset('know.v.05'))"	"(Synset('undergo.v.01'), 3, 1, Synset('taste.v.06'), Synset('experience.v.03'))"	"(Synset('change.v.02'), 4, 1, Synset('taste.v.06'), Synset('have.v.11'))"						
translate	Braque <b>translated</b> collage into oil.	transform	Braque <b>transformed</b> collage into oil.	0	2.0	"(Synset('change.v.01'), 1, 1, Synset('translate.v.02'), Synset('transform.v.01'))"	"(Synset('change.v.01'), 1, 1, Synset('translate.v.02'), Synset('transform.v.02'))"	"(Synset('translate.v.02'), 0, 0, Synset('translate.v.02'), Synset('translate.v.02'))"	"(Synset('change.v.01'), 1, 1, Synset('translate.v.02'), Synset('transform.v.05'))"	"(Synset('change.v.01'), 1, 1, Synset('translate.v.02'), Synset('transform.v.06'))"	"(Synset('change.v.01'), 1, 1, Synset('translate.v.02'), Synset('transform.v.07'))"				
tug	She <b>tugged</b> for years to make a decent living.	labor	She <b>labored</b> for years to make a decent living.	0	2.0	"(Synset('tug.v.02'), 0, 0, Synset('tug.v.02'), Synset('tug.v.02'))"									
want	This piano <b>wants</b> the attention of a competent tuner.	require	This piano <b>requires</b> the attention of a competent tuner.	0	2.0	"(Synset('want.v.02'), 0, 0, Synset('want.v.02'), Synset('want.v.02'))"									
wear	He always <b>wears</b> a smile.	have	He always <b>has</b> a smile.	1	1.0	"(Synset('have.v.02'), 1, 0, Synset('wear.v.03'), Synset('have.v.02'))"									
whistle	Her optimism <b>whistled away</b> these worries.	remove	Her optimism <b>removed</b> these worries.	1	0.0	"(Synset('move.v.02'), 1, 2, Synset('whistle.v.04'), Synset('remove.v.05'))"									
back	Which horse are you <b>backing</b>.	bet	Which horse are you <b>betting</b> on.	1	1.0	"(Synset('bet.v.02'), 1, 0, Synset('bet_on.v.01'), Synset('bet.v.02'))"									
bounce	The ex-boxers job is to <b>bounce</b> people who want to enter this private club.	eject	The ex-boxers job is to <b>eject</b> people who want to enter this private club.	1	1.0	"(Synset('eject.v.01'), 1, 0, Synset('bounce.v.07'), Synset('eject.v.01'))"									
buy	I cant <b>buy</b> this story.	believe	I cant <b>believe</b> this story.	1	1.0	"(Synset('believe.v.01'), 1, 0, Synset('buy.v.05'), Synset('believe.v.01'))"	"(Synset('evaluate.v.02'), 3, 1, Synset('buy.v.05'), Synset('think.v.01'))"	"(Synset('evaluate.v.02'), 3, 2, Synset('buy.v.05'), Synset('believe.v.03'))"	"(Synset('believe.v.01'), 1, 1, Synset('buy.v.05'), Synset('believe.v.04'))"	"(Synset('believe.v.01'), 1, 3, Synset('buy.v.05'), Synset('believe.v.05'))"					
capture	The painting seems to <b>capture</b> the essence of Spring.	represent	The painting seems to <b>represent</b> the essence of Spring.	1	1.0	"(Synset('represent.v.09'), 1, 0, Synset('capture.v.01'), Synset('represent.v.09'))"	"(Synset('re-create.v.01'), 2, 1, Synset('capture.v.01'), Synset('act.v.03'))"	"(Synset('re-create.v.01'), 2, 1, Synset('capture.v.01'), Synset('stage.v.01'))"							
crawl	My skin <b>crawled</b> -- I was terrified.	prickle	My skin <b>prickled</b> -- I was terrified.	1											
deflate	This event could <b>deflate</b> the currency.	reduce	This event could <b>reduce</b> the currency.	1		"(Synset('make.v.03'), 3, 2, Synset('ferment.v.02'), Synset('provoke.v.02'))"									
ferment	Islam is <b>fermenting</b> Africa.	provoke	Islam is <b>provoking</b> Africa.	1	1.0	"(Synset('arouse.v.01'), 2, 0, Synset('ferment.v.02'), Synset('arouse.v.01'))"	"(Synset('make.v.03'), 3, 2, Synset('ferment.v.02'), Synset('provoke.v.02'))"								
flood	The company planned to <b>flood</b> the market with tennis shoes.	oversupply	The company planned to <b>oversupply</b> the market with tennis shoes.	1	2.0	"(Synset('flood.v.03'), 0, 0, Synset('flood.v.03'), Synset('flood.v.03'))"									
fuel	This could <b>fuel</b> the debate on creationism.	stimulate	This could <b>stimulate</b> the debate on creationism.	1	1.0	"(Synset('stimulate.v.03'), 0, 1, Synset('stimulate.v.03'), Synset('fuel.v.04'))"									
glow	Make the peoples hearts <b>glow</b>.	rejoice	Make the peoples hearts <b>rejoiced</b>.	1	2.0	"(Synset('feel.v.01'), 1, 1, Synset('glow.v.04'), Synset('rejoice.v.01'))"	"(Synset('feel.v.01'), 1, 3, Synset('glow.v.04'), Synset('exuberate.v.01'))"	"(Synset('feel.v.01'), 1, 3, Synset('glow.v.04'), Synset('wallow.v.04'))"							
hack	I cant <b>hack</b> it anymore.	cope	I cant <b>cope with</b> it anymore.	1	1.0	"(Synset('cope.v.01'), 1, 0, Synset('hack.v.02'), Synset('cope.v.01'))"									
harmonize	The colors dont <b>harmonize</b>.	match	The colors dont <b>match</b>.	1	1.0	"(Synset('match.v.01'), 1, 0, Synset('harmonize.v.01'), Synset('match.v.01'))"									
infect	The society was <b>infected</b> by racism.	corrupt	The society was <b>corrupted</b> by racism.	1	1.0	"(Synset('corrupt.v.01'), 1, 0, Synset('infect.v.03'), Synset('corrupt.v.01'))"									
juggle	They tried to <b>juggle</b> an account so as to hide a deficit.	falsify	They tried to <b>falsify</b> an account so as to hide a deficit.	1	1.0	"(Synset('fudge.v.01'), 1, 0, Synset('juggle.v.02'), Synset('fudge.v.01'))"									
level	They wanted to <b>level</b> criticism or charges at somebody.	address	They wanted to <b>address</b> criticism or charges at somebody.	1	0.0	"(Synset('aim.v.01'), 1, 2, Synset('level.v.01'), Synset('address.v.04'))"									
lighten	After a glass of wine he <b>lightened</b> up a bit.	cheer	After a glass of wine he <b>cheered</b> up a bit.	1	1.0	"(Synset('cheer.v.04'), 1, 0, Synset('lighten.v.03'), Synset('cheer.v.04'))"									
mount	They wanted to <b>mount</b> a theater production.	organize	They wanted to <b>organize</b> a theater production.	1	1.0	"(Synset('make.v.03'), 4, 1, Synset('mount.v.07'), Synset('form.v.01'))"	"(Synset('organize.v.05'), 1, 0, Synset('mount.v.07'), Synset('organize.v.05'))"								
poison	You should never <b>poison</b> someone's mind.	corrupt	You should never <b>corrupt</b> someone's mind.	1	1.0	"(Synset('corrupt.v.01'), 1, 0, Synset('poison.v.01'), Synset('corrupt.v.01'))"									
sow	You should not <b>sow</b> suspicion or beliefs.	instil	You should not <b>instill</b> suspicion or beliefs.	1											
spell	Im afraid this <b>spells</b> trouble!	mean	Im afraid this <b>means</b> trouble!	1	1.0	"(Synset('mean.v.01'), 1, 0, Synset('spell.v.02'), Synset('mean.v.01'))"									
square	This idea <b>squares</b> with the other one.	match up	This idea <b>matches up</b> with the other one.	1											
twist	Dont <b>twist</b> my words.	misinterpret	Dont <b>misinterpret</b> my words.	1											
wallow	You should <b>wallow</b> in your success!	delight	You should <b>delight</b> in your success!	1	1.0	"(Synset('delight.v.02'), 1, 0, Synset('wallow.v.05'), Synset('delight.v.02'))"									